retailer,brand,model,product_url,image_url,colourway_shown,price_gbp,rrp_gbp,delivery_cost_gbp,landed_cost_gbp,over_budget,condition,one_off,seats,leg_rest,chaise_side,modular,overall_width_cm,overall_depth_cm,overall_height_cm,seat_depth_cm,seat_height_cm,arm_style,fabric,easy_clean,removable_covers,seat_filling,frame_material,warranty,returns_window,delivery_lead_time,review_score,review_count,notes
Snug eBay outlet (Snug sofa clearance),Snug,The Rebel RH Chaise Corner Sofa - showroom model,https://www.ebay.co.uk/itm/176610590523,https://i.ebayimg.com/images/g/p9sAAOSwvLplvRmy/s-l1600.jpg,Mid Grey,999,,50,1049,no,ex-display,yes,3,chaise,right,yes,208,168,90,121,,,100% polyester,,,foam,,,14 days (buyer pays return postage),"Est. 5-10 days from Enfield; free local collection within 15mi",,,"eBay item specifics publish Item Length 208cm / Item Width 168cm / Item Height 90cm / Seat Depth 121cm - length mapped to overall width, width to overall depth (chaise return). Seller notes: showroom model, minor marking, structurally perfect. 90kg, assembly required (tool-free Snug click system). Deepest in-budget find."
Willow & Hall,Willow & Hall,The Somerton 2 Seater Sofa (clearance) + The Bower footstool,https://www.willowandhall.co.uk/the-somerton-2-seater-sofa-261152-2.html,https://www.willowandhall.co.uk/media/catalog/product/s/o/some-2so-f-regal_1.jpeg,"Stain Resistant Deep Velvet, Regal",1096.50,1515,85,1181.50,no,clearance,yes,2,footstool,,no,162,92,93,56,49,square,Stain Resistant Deep Velvet,yes,yes,foam,solid hardwood,25 years (frame),14 days,3-4 weeks,,,"Sofa GBP892.50 (was GBP1,275, one-off clearance piece, fixed fabric/fill) + The Bower footstool (https://www.willowandhall.co.uk/the-bower.html) from £204 in the August sale (was £240); W&H charge one delivery fee per order at the highest item rate, so GBP85 covers both. Square arms match the Raft Loft look but only 92cm deep - well short of the 112cm target. Seat cushions Reflex Foam; removable seat & back cushion covers. Cheaper stool alternative: Thames Footstool GBP136."
Willow & Hall,Willow & Hall,The Appley 4 Seater Sofa Bed (clearance) + The Bower footstool,https://www.willowandhall.co.uk/the-appley-4-seater-sofa-bed-00269450.html,https://www.willowandhall.co.uk/media/catalog/product/a/p/appley.jpeg,"Stain Resistant Deep Velvet, Galaxy",1044,1290,85,1129,no,clearance,yes,4,footstool,,no,158,90,83,62,43,,Stain Resistant Deep Velvet,yes,yes,,solid hardwood,25 years (frame),14 days,3-4 weeks,,,"Sofa GBP840 (was GBP1,050) + The Bower footstool (https://www.willowandhall.co.uk/the-bower.html) from £204 in the August sale (was £240). Cheapest in-budget clearance route. Roll-out sofa bed, low 83cm back and 43cm seat height; 62cm seat depth is the deepest seat in W&H's in-budget clearance. Depth extended (bed) 192cm. Overall depth only 90cm."
Willow & Hall,Willow & Hall,The Dunsmore 2 Seater Sofa (clearance) + The Bower footstool,https://www.willowandhall.co.uk/the-dunsmore-2-seater-sofa-00265658.html,https://www.willowandhall.co.uk/media/catalog/product/d/u/duns-2so-f-peacock.jpeg,"Stain Resistant Cotton, Peacock",1130,1475,85,1215,yes,clearance,yes,2,footstool,,no,160,92,97,56,49,curved,Stain Resistant Cotton,yes,yes,foam,solid hardwood,25 years (frame),14 days,3-4 weeks,,,"Sofa GBP926 (was GBP1,235) + The Bower footstool (https://www.willowandhall.co.uk/the-bower.html) from £204 in the August sale (was £240). GBP15 over budget as priced; drops to GBP1,147 landed if paired with the GBP136 Thames Footstool instead. Mid-century curved arms, angular back frame."
Willow & Hall,Willow & Hall,The Atworth 2 Seater Sofa (clearance) + The Bower footstool,https://www.willowandhall.co.uk/the-atworth-2-seater-sofaf-00264578.html,https://www.willowandhall.co.uk/media/catalog/product/a/t/atworth_sofa.jpeg,,1209,1580,85,1294,yes,clearance,yes,2,footstool,,no,154,92,96,56,46,,,,yes,,solid hardwood,25 years (frame),14 days,3-4 weeks,,,"Sofa GBP1,005 (was GBP1,340) + The Bower footstool (https://www.willowandhall.co.uk/the-bower.html) from £204 in the August sale (was £240). Narrowest of the W&H clearance 2-seaters at 154cm. Arm height 65cm."
Willow & Hall,Willow & Hall,The Deverill 2 Seater Modular Sofa Bed (clearance) + The Bower footstool,https://www.willowandhall.co.uk/the-deverill-2-seater-modular-sofa-bed-00266674.html,https://www.willowandhall.co.uk/media/catalog/product/d/e/deve-2mb-argent_1.jpeg,"House Weave, Argent",1347.75,1765,85,1432.75,yes,clearance,yes,2,footstool,,yes,137,94,95,54,48,armless,House Weave,,yes,,solid hardwood,25 years (frame),14 days,3-4 weeks,,,"Sofa GBP1,143.75 (was GBP1,525) + The Bower footstool (https://www.willowandhall.co.uk/the-bower.html) from £204 in the August sale (was £240). The only genuinely MODULAR piece in W&H clearance - armless, so it can be extended with matching Deverill modules later (other Deverill modules in clearance: 3str GBP1,396, 4str GBP2,523.75-2,712.50, 4str chaise GBP2,671, 5str GBP2,894.50). Removable covers. Open-sprung mattress, bed depth extended 228cm."
Willow & Hall,Willow & Hall,The Buttermere 2 Seater Sofa (clearance) + The Bower footstool,https://www.willowandhall.co.uk/the-buttermere-2-seater-sofa-00269069.html,https://www.willowandhall.co.uk/media/catalog/product/b/u/buttermere_seashell_1_.jpeg,"Stain Resistant Broad Weave, Seashell",1471.50,1930,85,1556.50,yes,clearance,yes,2,footstool,,no,176,97,98,56,50,scroll,Stain Resistant Broad Weave,yes,yes,fibre,solid hardwood,25 years (frame),14 days,3-4 weeks,,,"Sofa GBP1,267.50 (was GBP1,690) + The Bower footstool (https://www.willowandhall.co.uk/the-bower.html) from £204 in the August sale (was £240). DEEPEST sofa published anywhere in W&H's clearance at 97cm overall - still 15cm shallower than the Raft Loft. Scrolled mid-century back/arms, fibre-filled seat cushions. Well over budget."
Willow & Hall,Willow & Hall,The Foxcote 2 Seater Sofa (clearance) + The Bower footstool,https://www.willowandhall.co.uk/the-foxcote-2-seater-sofa-00269684.html,https://www.willowandhall.co.uk/media/catalog/product/f/o/foxcote_olive_1_.jpeg,"Stain Resistant Cotton, Olive",1576.50,2070,85,1661.50,yes,clearance,yes,2,footstool,,no,164,94,88,65,46,"rolled (Chesterfield-style, hand-pleated)",Stain Resistant Cotton,yes,yes,foam,solid hardwood,25 years (frame),14 days,3-4 weeks,,,"Sofa GBP1,372.50 (was GBP1,830) + The Bower footstool (https://www.willowandhall.co.uk/the-bower.html) from £204 in the August sale (was £240). BEST SEAT DEPTH in the whole W&H clearance at 65cm - the closest W&H gets to a leg-supporting seat. Modern Chesterfield shape, so a formal look, not the Raft square-arm look. Well over budget."
Willow & Hall,Willow & Hall,The Alderton 4 Seater Right Chaise Sofa Bed (clearance),https://www.willowandhall.co.uk/the-alderton-4-seater-right-chaise-sofa-bed-00267755.html,https://www.willowandhall.co.uk/media/catalog/product/a/l/alderton_ink_1_.jpeg,,2025,2700,85,2110,yes,clearance,yes,4,chaise,right,no,238,92,96,56,49,,,,yes,,solid hardwood,25 years (frame),14 days,3-4 weeks,,,"CHEAPEST true chaise in W&H clearance. Chaise Length (L) 185cm and Chaise Width 91cm - i.e. the chaise arm gives 185cm of leg support, far beyond the 112cm Raft target; the 92cm figure is the depth of the main body only. 238cm wide, so still inside the 250cm limit. Also has a double sofa bed (mattress 117x182cm). Around GBP900 over budget. A second Alderton in clearance at GBP2,208 (238cm/205cm internal)."
Willow & Hall,Willow & Hall,The Atworth 4 Seater Chaise Storage Right Sofa Bed (clearance),https://www.willowandhall.co.uk/the-atworth-4-seater-chaise-storage-right-sofa-bed-00268410.html,https://www.willowandhall.co.uk/media/catalog/product/a/t/atworth_3_seater_tuscan_1_.jpeg,,2313,3085,85,2398,yes,clearance,yes,4,chaise,right,no,229,92,96,56,46,,,,yes,,solid hardwood,25 years (frame),14 days,3-4 weeks,,,"Chaise Length (L) 185cm, Chaise Width 85cm, plus storage under the chaise and a double sofa bed. 229cm overall width fits the 250cm limit. Roughly GBP1,200 over budget. Image shown is the Atworth 3str - W&H reuse range imagery."
Willow & Hall,Willow & Hall,The Thames Sofa (2 seater) + The Thames Footstool,https://www.willowandhall.co.uk/thames-sofa-green.html,https://www.willowandhall.co.uk/media/catalog/product/8/3/83_5.png,Green boucle,850,1000,80,930,no,new,no,2,footstool,,no,118,76,80,50,45,curved wooden frame,boucle,,,,,,14 days,1-2 weeks (ready for delivery),,,"Sofa GBP714 (was GBP840) + Thames Footstool GBP136 (was GBP160, https://www.willowandhall.co.uk/thames-footstool-green.html, 56x48x40cm). Ready-for-delivery stock so delivery is the cheaper GBP25-80 matrix, not GBP85. COMFORTABLY in budget but FAR too small and shallow for this brief: 118cm wide, 76cm deep, 50cm seat depth. Listed only as the cheapest in-budget sofa+footstool combination on the site. Also available in charcoal at the same price."
Willow & Hall,Willow & Hall,"The Sheen Sofa (2 seater, natural linen) + The Thames Footstool",https://www.willowandhall.co.uk/sheen-sofa-natural-linen.html,https://www.willowandhall.co.uk/media/catalog/product/3/7/37_12.png,Natural linen,744,920,80,824,no,new,no,2,footstool,,no,119,73,81,50,47,"ash wood frame, light wash",linen,,,,,,14 days,1-2 weeks (ready for delivery),,,"Sofa GBP608 (was GBP760) + Thames Footstool GBP136. Cheapest landed cost found anywhere in this search, but at 119cm wide and only 73cm deep it is an extended armchair, not a deep lounge sofa. Included for completeness at the bottom of the budget."
Arlo & Jacob,Arlo & Jacob,Sephy Small Sofa in Arctic Weave Alpine (outlet) + Qube Small Footstool (outlet),https://www.arloandjacob.com/out-0726-26,https://www.arloandjacob.com/media/catalog/product/s/s/ss-021-1920px_1_2.jpg,Arctic Weave Alpine,1336,3340,179,1515,yes,clearance,yes,2,footstool,,no,165,95,77,67,42,"enveloping shell-shape backrest, arm height 73cm",Arctic Weave,,,foam,,5 years,,Available now (in stock),,,"Sofa GBP1,118 (was GBP2,795, single outlet piece, SKU Out-0726-26) + Qube Small Footstool in Filey Clover, outlet GBP218 (was GBP545), 43x43x47cm, https://www.arloandjacob.com/out-0826-39. Delivery is A&J's flat GBP179 'up to 2 items' mainland UK rate (assembled in room, packaging taken away). SOFA ALONE lands at GBP1,297 - still over the GBP1,200 cap and with no leg rest. 67cm seat depth is the best seat depth of anything found in this search, and the low 42cm seat height suits a lounging posture, but 95cm overall depth is 17cm short of the Raft Loft. Fixed foam seat cushions (not removable/plumpable), brass-capped beech legs. Can be split for access."
Arlo & Jacob,Arlo & Jacob,Sephy Medium Sofa in Arctic Weave Terracotta (outlet) + Qube Small Footstool (outlet),https://www.arloandjacob.com/out-0826-43,https://www.arloandjacob.com/media/catalog/product/i/m/img_052.jpg,Arctic Weave Terracotta,1376,3440,179,1555,yes,clearance,yes,3,footstool,,no,190,95,77,67,42,"enveloping shell-shape backrest, arm height 73cm",Arctic Weave,,,foam,,5 years,,Available now (in stock),,,"Sofa GBP1,158 (was GBP2,895) + Qube Small Footstool in Filey Clover, outlet GBP218 (was GBP545), 43x43x47cm, https://www.arloandjacob.com/out-0826-39. Same 95cm depth / 67cm seat depth as the Sephy Small but 190cm wide with 141cm internal width. Cannot be split, so check access. A third Sephy Medium in Linara Mulberry is GBP1,238 (https://www.arloandjacob.com/out-0726-24). Sofa alone lands at GBP1,337."
Arlo & Jacob,Arlo & Jacob,Hugo Medium Sofa in Aqua Chenille Cinder (outlet) + Qube Small Footstool (outlet),https://www.arloandjacob.com/out-0826-87,https://www.arloandjacob.com/media/catalog/product/o/u/out-0826-87-1920px.jpg,Aqua Chenille Cinder,2183,3820,179,2362,yes,clearance,yes,3,footstool,,no,170,99,95,65,56,arm height 61cm,Aqua Clean chenille,yes,,,,5 years,,Available now (in stock),,,"Sofa GBP1,965 (was GBP3,275) + Qube Small Footstool in Filey Clover, outlet GBP218 (was GBP545), 43x43x47cm, https://www.arloandjacob.com/out-0826-39. Badged AS NEW (cancelled order rather than ex-display). 99cm deep with a 65cm seat and a high 56cm seat height - the deepest non-modular A&J outlet sofa, and only 170cm wide. Aqua Clean fabric is water-cleanable. Can be split. Roughly GBP1,160 over budget."
Arlo & Jacob,Arlo & Jacob,Otti Medium Sofa (2PC) in Arctic Weave Stilling Grey (outlet) + Qube Small Footstool (outlet),https://www.arloandjacob.com/out-0826-86,https://www.arloandjacob.com/media/catalog/product/o/u/out-0826-86-1920px.jpg,Arctic Weave Stilling Grey,2345,4090,179,2524,yes,clearance,yes,3,footstool,,yes,200,100,84,58,46,"low wide arm, arm height 63cm",Arctic Weave,,,,,5 years,,Available now (in stock),,,"Sofa GBP2,127 (was GBP3,545) + Qube Small Footstool in Filey Clover, outlet GBP218 (was GBP545), 43x43x47cm, https://www.arloandjacob.com/out-0826-39. The ONLY A&J outlet sofa that hits the 100cm overall-depth target, and it is 2-piece/modular with a low 84cm back and 46cm seat - closest thing in this search to the Raft Loft silhouette. 200cm wide. Otti Grande (2PC) in Salt Ecru is the same range at GBP2,367 (https://www.arloandjacob.com/out-0826-84). Roughly GBP1,320 over budget."
Snug eBay outlet (Snug sofa clearance),Bridgman,Harrogate Love Seat and footstool - showroom model,https://www.ebay.co.uk/itm/187662289891,https://i.ebayimg.com/images/g/Me4AAeSwxUdo87de/s-l1600.jpg,Green,799,,50,849,no,ex-display,yes,1,footstool,,no,110,125,74,,,pad arm,polyester blend,,,foam,,,14 days (buyer pays return postage),Est. 5-10 days from Enfield; free collection within 15mi,,,"FAILS the 2-seat test: seller's own item specifics say Seating Capacity 1 despite the 'Love Seat' name, and it is only 110cm wide. Included because it is one of only two in-budget sofa+footstool bundles in the Snug eBay outlet. eBay specifics publish Item Width 110cm / Item Length 125cm / Item Height 74cm - length mapped to overall depth. Seller notes: 'Almost perfect condition - ex showroom display'. 45kg, no assembly. Bridgman stock sold through the Snug outlet store, not a Snug product."
Snug eBay outlet (Snug sofa clearance),Bridgman,Limehouse Love Seat and footstool - showroom model,https://www.ebay.co.uk/itm/187662301344,https://i.ebayimg.com/images/g/OF4AAeSwTKNo87kH/s-l1600.jpg,Orange,999,,50,1049,no,ex-display,yes,1,footstool,,no,94,110,81,55,,pad arm,polyester blend,,,foam,,,14 days (buyer pays return postage),Est. 5-10 days from Enfield; free collection within 15mi,,,"FAILS the 2-seat test: Seating Capacity 1 per the seller's item specifics, 94cm wide. eBay publishes Item Width 94cm / Item Length 110cm / Item Height 81cm / Seat Depth 55cm - length mapped to overall depth. Ex-showroom display, 45kg, no assembly. Bridgman stock sold via the Snug outlet store."
Willow & Hall,Willow & Hall,The Minety 4 Seater Modular Chaise Storage Sofa,https://www.willowandhall.co.uk/the-minety-modular-chaise-storage-sofa.html,https://www.willowandhall.co.uk/media/wysiwyg/minety_modular_chaise_storage_sofa.png,,2465,2900,85,2550,yes,new,no,4,chaise,,yes,228,90,95,55,47,,,,yes,,solid hardwood,25 years (frame),14 days,4-5 weeks (made to order),,,"Chaise Depth (L) 188cm - i.e. the chaise gives 188cm of leg support against the Raft Loft's 112cm - inside the 250cm width limit at 228cm, MODULAR, and with storage under the chaise. Currently 15% off in the August sale (was GBP2,900). The chaise appears only from the 4-seater configuration up; smaller Minety modular sizes (1str GBP850 / 2str GBP947.75 / 3str GBP994.50) are chaise-less and would be in budget but have no leg rest. Chaise side not published on the configurator - confirm with W&H. Roughly GBP1,350 over budget."
Willow & Hall,Willow & Hall,The Deverill 4 Seater Modular Chaise Sofa,https://www.willowandhall.co.uk/the-deverill-modular-chaise-sofa.html,https://www.willowandhall.co.uk/media/wysiwyg/Deverill_Modular_Chaise_Storage_Sofa_2.png,,2579.75,3035,85,2664.75,yes,new,no,4,chaise,,yes,221,94,95,54,48,armless / slim,,,yes,,solid hardwood,25 years (frame),14 days,4-5 weeks (made to order),,,"Chaise Depth (L) 211cm - the longest chaise return found in this search - at only 221cm overall width. Fully modular and armless so it can be reconfigured or extended later. 15% off in the August sale (was GBP3,035). Chaise-less Deverill sizes are far cheaper (Love Seat GBP816 / 2str GBP935 / 3str GBP994.50) but have no leg rest. Chaise side not published - confirm with W&H. Roughly GBP1,460 over budget."
